halId_s;version_i;uri_s;docType_s;doiId_s;nntId_s;title_s;subTitle_s;authFullName_s;producedDate_s;domain_s;keyword_s;journalTitle_s;journalPublisher_s;volume_s;number_s;page_s;conferenceTitle_s;conferenceStartDate_s;country_s;language_s;label_s
hal-02384387;1;https://hal.archives-ouvertes.fr/hal-02384387;COMM;;;Capabilities of a fibered imager on an extremely large telescope;;S. Vievard,N Cvetojevic,E. Huby,S. Lacour,G. Martin,O Guyon,J Lozi,T Kotani,N Jovanovic,G. Perrin,F. Marchis,O Lai,V. Lapeyrère,D. Rouan;09/06/2019;0.sdu,1.sdu.astr,2.sdu.astr.im,0.sdu,1.sdu.astr,2.sdu.astr.sr;Interferometry,Pupil remapping,Single-mode fibers,High contrast imaging,High angular resolution;;;;;;AO4ELT6;09/06/2019;ca;en;"S. Vievard, N Cvetojevic, E. Huby, S. Lacour, G. Martin, et al.. Capabilities of a fibered imager on an extremely large telescope. AO4ELT6, Jun 2019, Quebec, Canada. &#x27E8;hal-02384387&#x27E9;"
hal-02413408;1;https://hal.archives-ouvertes.fr/hal-02413408;OTHER;10.18727/0722-6691/5149;;Bringing the New Adaptive Optics Module for Interferometry (NAOMI) into Operation;;Frédéric Gonté,Jose Abad,Roberto Abuter,Emmanuel Carpentier,Jaime Alonso,Luigi Andofalto,Pablo Barriga,Jean-Philippe Berger,Jean-Luc Beuzit,Israel Blanchard,Henri Bonnet,Guillaume Bourdarot,Pierre Bourget,Roland Brast,Paul Bristow,Luis Caniguante,Susana Cerda,Claudia Cid,Alex Correa,Eric Cottalorda,Benjamin Courtney-Barrer,Pascaline Darré,Bernard Delabre,Alain Delboulbé,Roderick Dembet,Ronald Donaldson,Reinhold Dorn,Jorge Dupeyron,Christophe Dupuy,Sebastian Egner,Frank Eisenhauer,Lorena Faundez,Enrico Fedrigo,Gerhard Fischer,Christoph Frank,Eloy Fuenteseca,Philippe Gitton,Thibaut Guerlet,Sylvain Guieu,Pablo Gutiérrez,Pierre Haguenauer,Andreas Haimerl,Xavier Haubois,Cedric Heritier,Stefan Huber,Norbert Hubin,Paul Jolley,Laurent Jocou,Jean-Paul Kirchbauer,Johann Kolb,Johan Kosmalski,Peter Krempl,Carlos Fuente,Jean-Baptiste Le Bouquin,Miska Le Louarn,Paul Lilley,Bruno Lopez,Marcelo Lopez,Yves Magnard,Enrico Marchetti,Stewart Mclay,Anthony Meilland,Alexander Meister,Antoine Merand,Thibaut Moulin,Luca Pasquini,Jérôme Paufique,Isabelle Percheron,Lorenzo Pettazzi,Oliver Pfuhl,Duc Phan,Andres Pino,Werther Pirani,Jutta Quentin,Andrew Rakich,Andres Ramirez,Robert Ridings,Mario Riedel,Javier Reyes,Sylvain Rochat,Juan Sánchez,Gonsalo Santos Tomás,Christian Schmid,Pavel Shchekaturov,Nicolas Schuhler,Matthias Seidel,Christian Soenke,Eric Stadler,Christian Stephan,Marcos Suárez,Mirko Todorovi?,Guillermo Valdes,Cristophe Verinaud,Julien Woillez,Gerard Zins,Sebastian Zúñiga-Fernández;2019-09;0.sdu,0.sdu,1.sdu.astr,0.sdu,1.sdu.astr,2.sdu.astr.im;;;;;;;;;;en;"Frédéric Gonté, Jose Abad, Roberto Abuter, Emmanuel Carpentier, Jaime Alonso, et al.. Bringing the New Adaptive Optics Module for Interferometry (NAOMI) into Operation. 2019, &#x27E8;10.18727/0722-6691/5149&#x27E9;. &#x27E8;hal-02413408&#x27E9;"
hal-00795397;2;https://hal.archives-ouvertes.fr/hal-00795397v2;ART;10.1103/PhysRevE.87.063001;;The emergence of coherent wave groups in deep-water random sea;;Claudio Viotti,Denys Dutykh,John M. Dudley,Frédéric Dias;03/06/2013;0.phys,1.phys.meca,2.phys.meca.mefl,0.spi,1.spi.meca,2.spi.meca.mefl,0.math,1.math.math-ap,0.phys,1.phys.phys,2.phys.phys.phys-comp-ph,0.nlin,1.nlin.nlin-si,0.nlin,1.nlin.nlin-ps,0.nlin,1.nlin.nlin-cd,0.spi,1.spi.fluid,0.sdu,1.sdu.ocean,0.sdu,1.sdu.stu,2.sdu.stu.oc,0.phys,1.phys.phys,2.phys.phys.phys-ao-ph,0.phys,1.phys.phys,2.phys.phys.phys-flu-dyn,0.math,1.math.math-na,0.math,1.math.math-ds;Random seas,Breathers,Coherent structures,Extreme waves;Physical Review E : Statistical, Nonlinear, and Soft Matter Physics;American Physical Society;87;;63001;;;;en;"Claudio Viotti, Denys Dutykh, John M. Dudley, Frédéric Dias. The emergence of coherent wave groups in deep-water random sea. Physical Review E : Statistical, Nonlinear, and Soft Matter Physics, American Physical Society, 2013, 87 (6), pp.063001. &#x27E8;10.1103/PhysRevE.87.063001&#x27E9;. &#x27E8;hal-00795397v2&#x27E9;"
tel-01686582;1;https://tel.archives-ouvertes.fr/tel-01686582;THESE;;2015GREAY078;Josephson photonics : Statistics of photons emitted by inelastic Cooper pair tunneling,Photonique Josephson : statistique des photons émis par effet tunnel inélastique de paires de Cooper;;Alexander Grimm;02/10/2015;0.phys,1.phys.cond;Quantum nanolectronics,Circuit QED,Josephson photonics,Mcirowave quantum optics,Superconducting circuits,Nano-Éléctronique quantique,Photonique Josephson,Circuit QED,Circuits supraconducteurs,Optique quantique microonde;;;;;;;;;en;"Alexander Grimm. Josephson photonics : Statistics of photons emitted by inelastic Cooper pair tunneling. Condensed Matter [cond-mat]. Université Grenoble Alpes, 2015. English. &#x27E8;NNT : 2015GREAY078&#x27E9;. &#x27E8;tel-01686582&#x27E9;"
tel-01555687;1;https://tel.archives-ouvertes.fr/tel-01555687;THESE;;2014GRENY089;Entangled photons in disordered media : from two-photon speckle patterns to Schmidt decomposition,Photons intriqués en milieux désordonnés : des figures de tavelures à deux photons à la décomposition de Schmidt;;Manutea Cande;11/12/2014;0.phys,1.phys.cond,2.phys.cond.cm-gen;Quantum,Disorder,Entanglement,Photon,Light,Scattering,Quantique,Désordre,Intrication,Lumière,Diffusion;;;;;;;;;en;"Manutea Cande. Entangled photons in disordered media : from two-photon speckle patterns to Schmidt decomposition. Other [cond-mat.other]. Université de Grenoble, 2014. English. &#x27E8;NNT : 2014GRENY089&#x27E9;. &#x27E8;tel-01555687&#x27E9;"
hal-01168333;1;https://hal-univ-rennes1.archives-ouvertes.fr/hal-01168333;ART;10.1063/1.4921907;;Observing heme doming in myoglobin with femtosecond X-ray absorption spectroscopya);;M. Levantino,H. T. Lemke,Giorgio Schirò,M. Glownia,A. Cupane,Marco Cammarata;2015;0.phys,0.sdv,1.sdv.bbm,2.sdv.bbm.bs;X-ray optics,X-ray absorption spectra,X-ray absorption near edge structure,Time resolved spectroscopy,Photodissociation;Structural Dynamics;;2;;41713;;;;en;"M. Levantino, H. T. Lemke, Giorgio Schirò, M. Glownia, A. Cupane, et al.. Observing heme doming in myoglobin with femtosecond X-ray absorption spectroscopya). Structural Dynamics, 2015, 2 (4), pp.041713. &#x27E8;10.1063/1.4921907&#x27E9;. &#x27E8;hal-01168333&#x27E9;"
hal-01546356;2;https://hal.archives-ouvertes.fr/hal-01546356v2;ART;10.1088/1367-2630/aad01d;;Wavelength-dispersive spectroscopy in the hard x-ray regime of a heavy highly-charged ion: The 1s Lamb shift in hydrogen-like gold;;T Gassner,Martino Trassinelli,R Heß,U Spillmann,D Banas,K-H Blumenhagen,F Bosch,C Brandau,W Chen,Chr Dimopoulou,E Förster,R Grisenti,A Gumberidze,S Hagmann,P-M Hillenbrand,P Indelicato,P Jagodzinski,T Kämpfer,Chr Kozhuharov,M Lestinsky,D. Liesen,Yu Litvinov,R Loetzsch,B Manil,R Märtin,F Nolden,M Petridis,M Sanjari,K Schulze,M Schwemlein,A Simionovici,M Steck,Th Stöhlker,C Szabo,S Trotsenko,I Uschmann,G Weber,O Wehrhan,N Winckler,D Winters,N Winters,E Ziegler,H Beyer;18/07/2018;0.phys,1.phys.phys,2.phys.phys.phys-atom-ph;3230Rj Keywords X-ray spectrometer,0785Nc,1220Fv,3130J,Numbers 0785Fv,Micro-strip detector,Storage ring,High-Z ions,QED;New Journal of Physics;Institute of Physics: Open Access Journals;20;;73033;;;;en;"T Gassner, Martino Trassinelli, R Heß, U Spillmann, D Banas, et al.. Wavelength-dispersive spectroscopy in the hard x-ray regime of a heavy highly-charged ion: The 1s Lamb shift in hydrogen-like gold. New Journal of Physics, Institute of Physics: Open Access Journals, 2018, 20, pp.073033. &#x27E8;10.1088/1367-2630/aad01d&#x27E9;. &#x27E8;hal-01546356v2&#x27E9;"
hal-01230829;1;https://hal.archives-ouvertes.fr/hal-01230829;ART;10.1039/c5cp00601e;;Strong second harmonic generation in SiC\, ZnO\, GaN two-dimensional hexagonal crystals from first-principles many-body cal-culations;;Claudio Attaccalite,Alassane Nguer,Elena Cannuccia,Myrta Grüning;24/02/2015;0.phys,1.phys.cond,2.phys.cond.cm-ms;;Physical Chemistry Chemical Physics;Royal Society of Chemistry;17;;9533-9540;;;;en;"Claudio Attaccalite, Alassane Nguer, Elena Cannuccia, Myrta Grüning. Strong second harmonic generation in SiC, ZnO, GaN two-dimensional hexagonal crystals from first-principles many-body cal-culations. Physical Chemistry Chemical Physics, Royal Society of Chemistry, 2015, 17 (14), pp.9533-9540. &#x27E8;10.1039/c5cp00601e&#x27E9;. &#x27E8;hal-01230829&#x27E9;"
tel-01705621;1;https://tel.archives-ouvertes.fr/tel-01705621;THESE;;2017GREAY039;Light-matter interactions : artificial and solid-state crystals embedded in an optical cavity,Interactions entre matière et lumière : cristaux artificiels et solides cristallins dans une cavité optique;;Katharina Rojan;14/06/2017;0.phys,1.phys.qphy;Quantum optics,Solid-state physics,Out-of-equilibrium dynamics,Optique quantique,Physique des solides,Dynamique en dehors de l'équilibre;;;;;;;;;en;"Katharina Rojan. Light-matter interactions : artificial and solid-state crystals embedded in an optical cavity. Quantum Physics [quant-ph]. Universität des Saarlandes, 2017. English. &#x27E8;NNT : 2017GREAY039&#x27E9;. &#x27E8;tel-01705621&#x27E9;"
tel-01684713;1;https://tel.archives-ouvertes.fr/tel-01684713;THESE;;2015GREAY097;Growth and structure of graphene on metal and growth of organized nanostructures on top,Étude de la croissance et de la structure du graphène sur métal et croissance de nanostructures auto-organisées au dessus;;Fabien Jean;16/07/2015;0.spi,1.spi.nano;Self-Organization,Graphene,Synchrotron,Growth,Structure,Near field microscopy,Graphène,Synchrotron,Croissance,Structure,Auto-Organisation,Imagerie en champ proche;;;;;;;;;en;"Fabien Jean. Growth and structure of graphene on metal and growth of organized nanostructures on top. Micro and nanotechnologies/Microelectronics. Université Grenoble Alpes, 2015. English. &#x27E8;NNT : 2015GREAY097&#x27E9;. &#x27E8;tel-01684713&#x27E9;"
tel-01839210;2;https://tel.archives-ouvertes.fr/tel-01839210v2;THESE;;2018GREAY021;Probing light-matter interaction in the many-body regime of superconducting quantum circuits,Interaction lumière-matière dans le régime à N-corps des circuits quantiques supraconducteurs;;Javier Puertas;29/06/2018;0.phys,1.phys.cond,2.phys.cond.cm-msqhe;Many-Body physics,Superconductivity,Quantum bit,Supraconductivité,Bit quantique,Problème a N-Corps;;;;;;;;;en;"Javier Puertas. Probing light-matter interaction in the many-body regime of superconducting quantum circuits. Mesoscopic Systems and Quantum Hall Effect [cond-mat.mes-hall]. Université Grenoble Alpes, 2018. English. &#x27E8;NNT : 2018GREAY021&#x27E9;. &#x27E8;tel-01839210v2&#x27E9;"
hal-01072378;1;https://hal.archives-ouvertes.fr/hal-01072378;ART;10.1016/j.physrep.2014.05.003;;Engineered inorganic core/shell nanoparticles;;Patrice Mélinon,Sylvie Begin-Colin,Jean-Luc Duvail,Fabienne Gauffre,Nathalie Herlin-Boime,Gilles Ledoux,Jérôme Plain,Peter Reiss,Fabien Silly,Bénédicte Warot-Fonrose;2014;0.phys,1.phys.cond,2.phys.cond.cm-ms;Nanoparticle,Core-shell,Synthesis,Plasmonics;Physics Reports;Elsevier;543;;163 - 197;;;;en;"Patrice Mélinon, Sylvie Begin-Colin, Jean-Luc Duvail, Fabienne Gauffre, Nathalie Herlin-Boime, et al.. Engineered inorganic core/shell nanoparticles. Physics Reports, Elsevier, 2014, 543 (3), pp.163 - 197. &#x27E8;10.1016/j.physrep.2014.05.003&#x27E9;. &#x27E8;hal-01072378&#x27E9;"
hal-02317455;1;https://hal.archives-ouvertes.fr/hal-02317455;ART;;;The Hamilton-Jacobi Equation : an intuitive approach.;;Bahram Houchmandzadeh;21/04/2020;0.phys,1.phys.phys,2.phys.phys.phys-class-ph;Wave-trajectory duality,Hamiltonian,Action,Lagrangian;American Journal of Physics;American Association of Physics Teachers;88;;353-359;;;;en;"Bahram Houchmandzadeh. The Hamilton-Jacobi Equation : an intuitive approach.. American Journal of Physics, American Association of Physics Teachers, 2020, 88 (5), pp.353-359. &#x27E8;hal-02317455&#x27E9;"
insu-02910116;1;https://hal-insu.archives-ouvertes.fr/insu-02910116;ART;10.5194/acp-20-8551-2020;;Overview: Integrative and Comprehensive Understanding on Polar Environments (iCUPE) – concept and initial results;;Tuukka Petäjä,Ella-Maria Duplissy,Ksenia Tabakova,Julia Schmale,Barbara Altstädter,Gérard Ancellet,Mikhail Arshinov,Yurii Balin,Urs Baltensperger,Jens Bange,Alison Beamish,Boris Belan,Antoine Berchet,Rossana Bossi,Warren Cairns,Ralf Ebinghaus,Imad El Haddad,Beatriz Ferreira-Araujo,Anna Franck,Lin Huang,Antti Hyvärinen,Angelika Humbert,Athina-Cerise Kalogridis,Pavel Konstantinov,Astrid Lampert,Matthew Macleod,Olivier Magand,Alexander Mahura,Louis Marelle,Vladimir Masloboev,Dmitri Moisseev,Vaios Moschos,Niklas Neckel,Tatsuo Onishi,Stefan Osterwalder,Aino Ovaska,Pauli Paasonen,Mikhail V. Panchenko,Fidel Pankratov,Jakob B. Pernov,Andreas Platis,Olga B. Popovicheva,Jean-Christophe Raut,Aurélie Riandet,Torsten Sachs,Rosamaria Salvatori,Roberto Salzano,Schröder Ludwig,Martin Schön,Vladimir Shevchenko,Henrik Skov,Jeroen Sonke,Andrea Spolaor,Vasileios K. Stathopoulos,Mikko Strahlendorff,Jennie L. Thomas,Vito Vitale,Sterios Vratolis,Carlo Barbante,Sabine Chabrillat,Aurélien Dommergue,Konstantinos Eleftheriadis,Jyri Heilimo,Kathy S. Law,Andreas Massling,Steffen M. Noe,Jean-Daniel Paris,André S. H. Prévôt,Ilona Riipinen,Birgit Wehner,Zhiyong Xie,Hanna K. Lappalainen;2020;0.phys,1.phys.phys,2.phys.phys.phys-ao-ph;;Atmospheric Chemistry and Physics;European Geosciences Union;20;;8551-8592;;;;en;"Tuukka Petäjä, Ella-Maria Duplissy, Ksenia Tabakova, Julia Schmale, Barbara Altstädter, et al.. Overview: Integrative and Comprehensive Understanding on Polar Environments (iCUPE) – concept and initial results. Atmospheric Chemistry and Physics, European Geosciences Union, 2020, 20 (14), pp.8551-8592. &#x27E8;10.5194/acp-20-8551-2020&#x27E9;. &#x27E8;insu-02910116&#x27E9;"
hal-01136385;1;https://hal.archives-ouvertes.fr/hal-01136385;ART;10.1007/s10686-015-9484-8;;The EChO science case;;Giovanna Tinetti,Pierre Drossart,Paul Eccleston,Paul Hartogh,Kate Isaak,Martin\, Linder,Christophe\, Lovis,Giusi\, Micela,Marc\, Ollivier,Ludovic\, Puig,Ignasi\, Ribas,Ignas\, Snellen,Bruce Swinyard,France Allard,Joanna\, Barstow,James\, Cho,Athena\, Coustenis,Charles\, Cockell,Alexandre\, Correia,Leen\, Decin,Remco\, de Kok,Pieter\, Deroo,Therese\, Encrenaz,Francois\, Forget,Alistair\, Glasse,Caitlin\, Griffith,Tristan Guillot,Tommi\, Koskinen,Helmut\, Lammer,Jeremy\, Leconte,Pierre\, Maxted,Ingo\, Mueller-Wodarg,Richard\, Nelson,Chris\, North,Enric\, Pallé,Isabella\, Pagano,Guseppe\, Piccioni,David\, Pinfield,Franck Selsis,Alessandro\, Sozzetti,Lars\, Stixrude,Jonathan\, Tennyson,Diego\, Turrini,Mariarosa\, Zapatero-Osorio. Jean-Philippe Beaulieu,Denis\, Grodent,Manuel\, Guedel,David\, Luz,Hans Ulrik\, Nørgaard-Nielsen,Tom\, Ray,Hans\, Rickman,Avri\, Selig,Mark Swain. Marek\, Banaszkiewicz,Mike\, Barlow,Neil\, Bowles,Graziella\, Branduardi-Raymont,Vincent\, Coudé Du Foresto,Jean-Claude\, Gerard,Laurent\, Gizon,Allan\, Hornstrup,Christopher\, Jarchow,Franz\, Kerschbaum,Géza\, Kovacs,Pierre-Olivier\, Lagage,Tanya\, Lim,Mercedes\, Lopez-Morales,Giuseppe\, Malaguti,Emanuele\, Pace,Enzo\, Pascale,Bart\, Vandenbussche,Gillian\, Wright,Gonzalo Ramos Zapata. Alberto\, Adriani,Ruymán\, Azzollini,Ana\, Balado,Ian\, Bryson,Raymond\, Burston,Josep\, Colomé,Martin\, Crook,Anna\, Di Giorgio,Matt\, Griffin,Ruud\, Hoogeveen,Roland\, Ottensamer,Ranah\, Irshad,Kevin\, Middleton,Gianluca\, Morgante,Frederic Pinsard,Mirek\, Rataj,Jean-Michel\, Reess,Giorgio\, Savini,Jan-Rutger\, Schrader,Richard\, Stamper,Berend Winter. L.\, Abe,M.\, Abreu,N.\, Achilleos,P.\, Ade,V.\, Adybekian,L.\, Affer,C.\, Agnor,M. Agúndez,C.\, Alard,J.\, Alcala,C.\, Allende Prieto,F. J.\, Alonso Floriano,F.\, Altieri,C. A.\, Alvarez Iglesias,P.\, Amado,Ann Andersen,A.\, Aylward,C.\, Baffa,G.\, Bakos,P.\, Ballerini,M.\, Banaszkiewicz,R. J.\, Barber,D.\, Barrado,E. J.\, Barton,V.\, Batista,G.\, Bellucci,J. A.\, Belmonte Avilés,D.\, Berry,B.\, Bézard,D.\, Biondi,M.\, B??cka,I.\, Boisse,B.\, Bonfond,Pascal Bordé,P.\, Börner,H.\, Bouy,L.\, Brown,L.\, Buchhave,J.\, Budaj,A.\, Bulgarelli,M.\, Burleigh,A.\, Cabral,M. T.\, Capria,A.\, Cassan,C.\, Cavarroc,C.\, Cecchi-Pestellini,R.\, Cerulli,J.\, Chadney,S.\, Chamberlain,S.\, Charnoz,N. Christian\, Jessen,A.\, Ciaravella,A.\, Claret,R.\, Claudi,A.\, Coates,R.\, Cole,A.\, Collura,D. Cordier,E.\, Covino,C.\, Danielski,M.\, Damasso,H. J.\, Deeg,E.\, Delgado-Mena,C.\, del Vecchio,O.\, Demangeon,A.\, de Sio,J.\, de Wit,M. Dobrijevic,P.\, Doel,C.\, Dominic,E.\, Dorfi,S.\, Eales,C.\, Eiroa,M.\, Espinoza Contreras,M.\, Esposito,Vincent Eymet,N.\, Fabrizio,M.\, Fernández,B.\, Femenía Castella,P.\, Figueira,G.\, Filacchione,L.\, Fletcher,M.\, Focardi,S.\, Fossey,P.\, Fouqué,J.\, Frith,M.\, Galand,L.\, Gambicorti,P.\, Gaulme,R. J.\, García López,A.\, Garcia-Piquer,W.\, Gear,Jean-Claude Gérard,L.\, Gesa,E.\, Giani,F.\, Gianotti,M.\, Gillon,E.\, Giro,M.\, Giuranna,H.\, Gomez,Illeana Gómez Leal,J.\, Gonzalez Hernandez,B.\, González Merino,R.\, Graczyk,D.\, Grassi,J.\, Guardia,P.\, Guio,J.\, Gustin,P.\, Hargrave,J.\, Haigh,Eric Hébrard,U.\, Heiter,R. L.\, Heredero,E.\, Herrero,F. Hersant,D.\, Heyrovsky,M.\, Hollis,B.\, Hubert,R.\, Hueso,G.\, Israelian,N.\, Iro,P.\, Irwin,S.\, Jacquemoud,G.\, Jones,H.\, Jones,K.\, Justtanont,T.\, Kehoe,F.\, Kerschbaum,E.\, Kerins,P.\, Kervella,D.\, Kipping,T.\, Koskinen,N.\, Krupp,O.\, Lahav,B.\, Laken,N.\, Lanza,E.\, Lellouch,G.\, Leto,J.\, Licandro Goldaracena,C.\, Lithgow-Bertelloni,S. J.\, Liu,U.\, Lo Cicero,N.\, Lodieu,P.\, Lognonné,M.\, Lopez-Puertas,M. A.\, Lopez-Valverde,I.\, Lundgaard Rasmussen,A.\, Luntzer,P.\, Machado,C.\, Mactavish,A.\, Maggio,J.-P.\, Maillard,W.\, Magnes,J.\, Maldonado,U.\, Mall,J.-B. Marquette,P.\, Mauskopf,F.\, Massi,A. S. Maurin,A.\, Medvedev,C.\, Michaut,P.\, Miles-Paez,M.\, Montalto,P.\, Montañés Rodríguez,M.\, Monteiro,D.\, Montes,H.\, Morais,J. C.\, Morales,M.\, Morales-Calderón,G.\, Morello,A.\, Moro Martín,J.\, Moses,A.\, Moya Bedon,F.\, Murgas Alcaino,E.\, Oliva,G.\, Orton,F.\, Palla,M.\, Pancrazzi,E.\, Pantin,V.\, Parmentier,H.\, Parviainen,K. Y.\, Peña Ramírez,J.\, Peralta,S.\, Perez-Hoyos,R.\, Petrov,S.\, Pezzuto,R.\, Pietrzak,E.\, Pilat-Lohinger,N.\, Piskunov,R.\, Prinja,L.\, Prisinzano,I.\, Polichtchouk,E.\, Poretti,A.\, Radioti,A. A.\, Ramos,T.\, Rank-Lüftinger,P.\, Read,K.\, Readorn,R.\, Rebolo López,J.\, Rebordão,M.\, Rengel,L.\, Rezac,M.\, Rocchetto,F.\, Rodler,V. J.\, Sánchez Béjar,A.\, Sanchez Lavega,E.\, Sanromá,N.\, Santos,J.\, Sanz Forcada,G.\, Scandariato,F.-X.\, Schmider,A.\, Scholz,S.\, Scuderi,J.\, Sethenadh,S.\, Shore,A.\, Showman,B.\, Sicardy,P.\, Sitek,Agnès Smith,L.\, Soret,S.\, Sousa,Arnaud Stiepen,M.\, Stolarski,G.\, Strazzulla,H. M\, Tabernero,P.\, Tanga,M.\, Tecsa,J.\, Temple,L.\, Terenzi,M.\, Tessenyi,L.\, Testi,S.\, Thompson,H.\, Thrastarson,B. W.\, Tingley,M.\, Trifoglio,J.\, Martín Torres,A.\, Tozzi,D.\, Turrini,R.\, Varley,F.\, Vakili,M.\, de Val-Borro,M. L.\, Valdivieso,O. Venot,E.\, Villaver,S.\, Vinatier,S.\, Viti,I.\, Waldmann,D.\, Waltham,D. Ward-Thompson,R.\, Waters,C.\, Watkins,D.\, Watson,P.\, Wawer,A.\, Wawrzaszk,G.\, White,T.\, Widemann,W.\, Winek,T.\, Wi?niowski,R.\, Yelle,Y.\, Yung,S. N.\, Yurchenko;2015-12;0.sdu,1.sdu.astr,0.sdu,1.sdu.astr,2.sdu.astr.ep;;Experimental Astronomy;Springer Link;40;;329-391;;;;en;"Giovanna Tinetti, Pierre Drossart, Paul Eccleston, Paul Hartogh, Kate Isaak, et al.. The EChO science case. Experimental Astronomy, Springer Link, 2015, 40 (2-3), pp.329-391. &#x27E8;10.1007/s10686-015-9484-8&#x27E9;. &#x27E8;hal-01136385&#x27E9;"
hal-01450190;1;https://hal.archives-ouvertes.fr/hal-01450190;ART;10.1364/OL.42.000375;;Prediction performance of reservoir computing systems based on diode-pumped Erbium doped microchip laser subject to optical delayed feedback;;Romain Nguimdo,Eric Lacot,Olivier Jacquin,Olivier Hugon,Guy van der Sande,Hugues Guillet;17/01/2017;0.phys,1.phys.phys,2.phys.phys.phys-optics;;Optics Letters;Optical Society of America;;;;;;;en;"Romain Nguimdo, Eric Lacot, Olivier Jacquin, Olivier Hugon, Guy van der Sande, et al.. Prediction performance of reservoir computing systems based on diode-pumped Erbium doped microchip laser subject to optical delayed feedback. Optics Letters, Optical Society of America, 2017, &#x27E8;10.1364/OL.42.000375&#x27E9;. &#x27E8;hal-01450190&#x27E9;"
hal-02340575;1;https://hal.archives-ouvertes.fr/hal-02340575;ART;10.1364/OE.27.033011;;An electrically induced probe of the modes of a plasmonic multilayer stack;;Shuiyan Cao,Moustafa Achlan,Jean-François Bryche,Philippe Gogol,Gérald Dujardin,Georges Ra?eev,Eric Le Moal,Elizabeth Boer-Duchemin;28/10/2019;0.phys,1.phys.phys,2.phys.phys.phys-optics,0.phys,1.phys.cond,2.phys.cond.cm-ms,0.spi,1.spi.opti;;Optics Express;Optical Society of America;27;;33011;;;;en;"Shuiyan Cao, Moustafa Achlan, Jean-François Bryche, Philippe Gogol, Gérald Dujardin, et al.. An electrically induced probe of the modes of a plasmonic multilayer stack. Optics Express, Optical Society of America, 2019, 27 (23), pp.33011. &#x27E8;10.1364/OE.27.033011&#x27E9;. &#x27E8;hal-02340575&#x27E9;"
hal-01678395;1;https://hal.archives-ouvertes.fr/hal-01678395;ART;10.1051/0004-6361/201629279;;Uncrowding R136 from VLT/SPHERE extreme adaptive optics;;Z. Khorrami,F. Vakili,T. Lanz,M. Langlois,Erwan Lagadec,M.R. Meyer,S. Robbe?dubois,L. Abe,H. Avenhaus,J.L. Beuzit,R. Gratton,D. Mouillet,A. Origne,C. Petit,J. Ramos;2017;0.sdu,1.sdu.astr;;Astronomy and Astrophysics - A&A;EDP Sciences;602;;A56;;;;en;"Z. Khorrami, F. Vakili, T. Lanz, M. Langlois, Erwan Lagadec, et al.. Uncrowding R136 from VLT/SPHERE extreme adaptive optics. Astronomy and Astrophysics - A&A, EDP Sciences, 2017, 602, pp.A56. &#x27E8;10.1051/0004-6361/201629279&#x27E9;. &#x27E8;hal-01678395&#x27E9;"
hal-02504683;1;https://hal.archives-ouvertes.fr/hal-02504683;ART;;;The wind-driven halo in high-contrast images I: analysis from the focal plane images of SPHERE;;Faustine Cantalloube,Ollie Farley,Julien Milli,Nazim Ali Bharmal,Wolfgang Brandner,Carlos Correia,Kjetil Dohlen,Thomas Henning,James Osborn,Emiel Por,Marcos Suárez,Arthur Vigan;2020;0.phys,1.phys.astr,2.phys.astr.im;Techniques image processing,Atmospheric effects,Infrared planetary systems,Planet-disk interactions,Instrumentation high angular resolution,Instrumentation adaptive optics;Astronomy and Astrophysics - A&A;EDP Sciences;;;;;;;en;"Faustine Cantalloube, Ollie Farley, Julien Milli, Nazim Ali Bharmal, Wolfgang Brandner, et al.. The wind-driven halo in high-contrast images I: analysis from the focal plane images of SPHERE. Astronomy and Astrophysics - A&A, EDP Sciences, In press. &#x27E8;hal-02504683&#x27E9;"
hal-01872927;1;https://hal.archives-ouvertes.fr/hal-01872927;ART;10.1088/1361-6633/aaa98a;;Coherent control of single electrons: a review of current progress;;Christopher Bäuerle,D Christian Glattli,Tristan Meunier,Fabien Portier,Patrice Roche,Preden Roulleau,Shintaro Takada,Xavier Waintal;01/05/2018;0.phys;2D electron systems,Quantum interference,Flying qubits,Single-electron electronics;Reports on Progress in Physics;IOP Publishing;81;;56503;;;;en;"Christopher Bäuerle, D Christian Glattli, Tristan Meunier, Fabien Portier, Patrice Roche, et al.. Coherent control of single electrons: a review of current progress. Reports on Progress in Physics, IOP Publishing, 2018, 81 (5), pp.056503. &#x27E8;10.1088/1361-6633/aaa98a&#x27E9;. &#x27E8;hal-01872927&#x27E9;"
hal-01414746;1;https://hal.sorbonne-universite.fr/hal-01414746;ART;10.1051/0004-6361/201628631;;The red dwarf pair GJ65?AB: inflated\, spinning twins of Proxima;;P. Kervella,A. Mérand,C. Ledoux,B.-O. Demory,J.-B. Le Bouquin;2016;0.phys,1.phys.astr;Stars late-type,Stars individual GJ65,Stars fundamental parameters;Astronomy and Astrophysics - A&A;EDP Sciences;593;;A127;;;;en;"P. Kervella, A. Mérand, C. Ledoux, B.-O. Demory, J.-B. Le Bouquin. The red dwarf pair GJ65?AB: inflated, spinning twins of Proxima. Astronomy and Astrophysics - A&A, EDP Sciences, 2016, 593, pp.A127. &#x27E8;10.1051/0004-6361/201628631&#x27E9;. &#x27E8;hal-01414746&#x27E9;"
hal-02301426;1;https://hal.sorbonne-universite.fr/hal-02301426;ART;10.3847/2041-8213/ab3c68;;Consistency of the Infrared Variability of SGR A* over 22 yr;;Zhuo Chen,E. Gallego-Cano,T. Do,G. Witzel,A. Ghez,R. Schödel,B. Sitarski,E. Becklin,J. Lu,M. Morris,A. Dehghanfar,A. Gautam,A. Hees,M. Hosek,S. Jia,A. Mangian,K. Matthews;2019;0.phys,1.phys.astr,2.phys.astr.sr;Accretion,Accretion disks,Black hole physics,Galaxy center,Techniques high angular resolution;The Astrophysical journal letters;Bristol : IOP Publishing;882;;L28;;;;en;"Zhuo Chen, E. Gallego-Cano, T. Do, G. Witzel, A. Ghez, et al.. Consistency of the Infrared Variability of SGR A* over 22 yr. The Astrophysical journal letters, Bristol : IOP Publishing, 2019, 882 (2), pp.L28. &#x27E8;10.3847/2041-8213/ab3c68&#x27E9;. &#x27E8;hal-02301426&#x27E9;"
hal-01929079;1;https://hal.inria.fr/hal-01929079;ART;10.1140/epjqt/s40507-018-0070-7;;Nanobob: a CubeSat mission concept for quantum communication experiments in an uplink configuration;;Erik Kerstel,Arnaud Gardelein,Mathieu Barthelemy,Hassen Fourati,Yves Gilot,Etienne Lecoarer,Juana Rodrigo,Thierry Sequies,Vincent Borne,Guillaume Bourdarot,Jean-Yves Burlet,Alexis Christidis,Jesus Segura,Benoit Boulanger,Véronique Boutou,Mylene Bouzat,Mathieu Chabanol,Laurent Fesquet,Michel Moulin,Jean-Michel Niot,Rodrigo Possamai Bastos,Bogdan Robu,Etienne Rolland,Sylvain Toru,Matthias Fink,Rupert Ursin,Siddarth Koduru Joshi;2018-12;0.spi,1.spi.auto;CubeSat,Cryptography,Quantum,Satellite,Entanglement,Uplink,QKD;European physical journal quantum technology;Springer;5;;janv-30;;;;en;"Erik Kerstel, Arnaud Gardelein, Mathieu Barthelemy, Hassen Fourati, Yves Gilot, et al.. Nanobob: a CubeSat mission concept for quantum communication experiments in an uplink configuration. European physical journal quantum technology, Springer, 2018, 5 (6), pp.1-30. &#x27E8;10.1140/epjqt/s40507-018-0070-7&#x27E9;. &#x27E8;hal-01929079&#x27E9;"
hal-02174902;1;https://hal.archives-ouvertes.fr/hal-02174902;ART;10.1103/PhysRevB.95.035152;;Electronic structure of self-doped layered Eu 3 F 4 Bi 2 S 4 material revealed by x-ray absorption spectroscopy and photoelectron spectromicroscopy;;Eugenio Paris,Tak Sugimoto,Wakita T.,Alexei Barinov,Kensei Terashima,Viktor Kandyba,Olivier Proux,Joe Kajitani,Ryuji Higashinaka,Tatsuma Matsuda,Yuji Aoki,Takayoshi Yokoya,Takashi Mizokawa,Naurang L. Saini;2017;0.phys,1.phys.cond,2.phys.cond.cm-ms,0.phys,1.phys.phys,2.phys.phys.phys-ins-det;;Physical Review B: Condensed Matter and Materials Physics;American Physical Society;95;;35152;;;;en;"Eugenio Paris, Tak Sugimoto, Wakita T., Alexei Barinov, Kensei Terashima, et al.. Electronic structure of self-doped layered Eu 3 F 4 Bi 2 S 4 material revealed by x-ray absorption spectroscopy and photoelectron spectromicroscopy. Physical Review B: Condensed Matter and Materials Physics, American Physical Society, 2017, 95 (3), pp.035152. &#x27E8;10.1103/PhysRevB.95.035152&#x27E9;. &#x27E8;hal-02174902&#x27E9;"
hal-01542964;1;https://hal.archives-ouvertes.fr/hal-01542964;ART;10.1103/PhysRevB.95.085311;;Evidence of Fermi level pinning at the Dirac point in epitaxial multilayer graphene;;S. Massabeau,M. Baillergeau,T. Phuphachong,C. Berger,W. A. de Heer,S. Dhillon,J. Tignon,L. A. de Vaulchier,R. Ferreira,J. Mangeney;2017;0.phys,1.phys.cond,2.phys.cond.cm-ms,0.phys,1.phys.phys,2.phys.phys.phys-optics;Horizon 2020,European Union;Physical Review B: Condensed Matter and Materials Physics;American Physical Society;95;;85311;;;;en;"S. Massabeau, M. Baillergeau, T. Phuphachong, C. Berger, W. A. de Heer, et al.. Evidence of Fermi level pinning at the Dirac point in epitaxial multilayer graphene. Physical Review B: Condensed Matter and Materials Physics, American Physical Society, 2017, 95 (8), pp.085311. &#x27E8;10.1103/PhysRevB.95.085311&#x27E9;. &#x27E8;hal-01542964&#x27E9;"
hal-01295349;5;https://hal.archives-ouvertes.fr/hal-01295349v5;ART;10.1515/phys-2016-0045;;Continuum dynamics and the electromagnetic field in the scalar ether theory of gravitation;;Mayeul Arminjon;01/12/2016;0.phys,1.phys.grqc,0.phys,1.phys.phys,0.math,1.math.math-mp;Preferred reference frame,Charge conservation,Maxwell equations,Curved spacetime,Alternative theories of gravitation;Open Physics;De Gruyter;14;;395-409;;;;en;"Mayeul Arminjon. Continuum dynamics and the electromagnetic field in the scalar ether theory of gravitation. Open Physics, De Gruyter, 2016, 14 (1), pp.395-409. &#x27E8;10.1515/phys-2016-0045&#x27E9;. &#x27E8;hal-01295349v5&#x27E9;"
hal-01784089;1;https://hal.archives-ouvertes.fr/hal-01784089;ART;10.1021/acsphotonics.6b00141;;Role of Transient Reflection in Graphene Nonlinear Infrared Optics;;Ryan Suess,Stephan Winnerl,Harald Schneider,Manfred Helm,Claire Berger,Walter de Heer,Thomas Murphy,Martin Mittendorff;04/04/2016;0.phys,1.phys.cond,2.phys.cond.cm-msqhe;;ACS photonics;American Chemical Society,;3;;1069 - 1075;;;;en;"Ryan Suess, Stephan Winnerl, Harald Schneider, Manfred Helm, Claire Berger, et al.. Role of Transient Reflection in Graphene Nonlinear Infrared Optics. ACS photonics, American Chemical Society,, 2016, 3 (6), pp.1069 - 1075. &#x27E8;10.1021/acsphotonics.6b00141&#x27E9;. &#x27E8;hal-01784089&#x27E9;"
hal-02317629;1;https://hal.archives-ouvertes.fr/hal-02317629;ART;10.1051/0004-6361/201833620;;SPHERE/ZIMPOL high resolution polarimetric imager;;Hans Martin Schmid,Andreas Bazzon,Ronald Roelfsema,David Mouillet,Julien Milli,François Menard,Daniel Gisler,Sandra Hunziker,Johan Pragt,Carsten Dominik,Anthony Boccaletti,Christian Ginski,L. Abe,S. Antoniucci,H. Avenhaus,A. Baruffolo,P. Baudoz,J.L. Beuzit,M. Carbillet,G. Chauvin,R. Claudi,A. Costille,J.B. Daban,M. de Haan,S. Desidera,K. Dohlen,M. Downing,E. Elswijk,N. Engler,M. Feldt,Thierry Fusco,J. Girard,R. Gratton,H. Hanenburg,T. Henning,N. Hubin,F. Joos,M. Kasper,C. Keller,M. Langlois,Erwan Lagadec,P. Martinez,E. Mulder,A. Pavlov,L. Podio,P. Puget,S. Quanz,F. Rigal,B. Salasnich,Jean-François Sauvage,M. Schuil,R. Siebenmorgen,E. Sissa,F. Snik,M. Suarez,C. Thalmann,M. Turatto,S. Udry,A. van Duin,R. van Holstein,A. Vigan,F. Wildi;06/11/2018;0.spi,0.phys;INSTRUMENTATION DETECTORS,PLANETARY SYSTEMS,INSTRUMENTATION HIGH ANGULAR RESOLUTION,INSTRUMENTATION ADAPTIVE OPTICS,INSTRUMENTATIONPOLARIMETERS,CIRCUMSTELLAR MATTER;Astronomy and Astrophysics - A&A;EDP Sciences;619;;A9, p. 1-37;;;;en;"Hans Martin Schmid, Andreas Bazzon, Ronald Roelfsema, David Mouillet, Julien Milli, et al.. SPHERE/ZIMPOL high resolution polarimetric imager. Astronomy and Astrophysics - A&A, EDP Sciences, 2018, 619, A9, p. 1-37. &#x27E8;10.1051/0004-6361/201833620&#x27E9;. &#x27E8;hal-02317629&#x27E9;"
hal-02388928;1;https://hal.archives-ouvertes.fr/hal-02388928;ART;10.1051/0004-6361/201935251;;SPHERE: the exoplanet imager for the Very Large Telescope;;Jean-Luc Beuzit,Arthur Vigan,David Mouillet,Kjetil Dohlen,Raffaele Gratton,Anthony Boccaletti,Jean-François Sauvage,Hans Martin Schmid,Maud Langlois,Cyril Petit,Andrea Baruffolo,Markus Feldt,Julien Milli,Zahed Wahhaj,Lyu Abe,U. Anselmi,Jacopo Antichi,R. Barette,Jacques Baudrand,Pierre Baudoz,Andreas Bazzon,Pernelle Bernardi,Patrick Blanchard,Roland Brast,Pietro Bruno,Tristan Buey,Marcel Carbillet,Michaël Carle,Enrico Cascone,Frédéric Chapron,Julien Charton,Gael Chauvin,Riccardo Claudi,Anne Costille,Vincenzo de Caprio,J. Deboer,Alain Delboulbé,Silvano Desidera,Carsten Dominik,Mark Downing,Olivier Dupuis,Christophe Fabron,Daniela Fantinel,Giancarlo Farisato,Philippe Feautrier,Enrico Fedrigo,Thierry Fusco,P. Gigan,C. Ginski,J. Girard,E. Giro,D. Gisler,L. Gluck,C. Gry,T. Henning,N. Hubin,Emmanuel Hugot,S. Incorvaia,M. Jaquet,M. Kasper,Erwan Lagadec,Anne-Marie Lagrange,Hervé Le Coroller,David Le Mignant,B. Le Ruyet,Alessio Guarino,Jean-Louis Lizon,Marc Llored,L. Lundin,F. Madec,Y. Magnard,Michel Marteaud,Patrick Martinez,Denis Maurel,Frédéric Ménard,D. Mesa,Ole Möller-Nilsson,T. Moulin,C. Moutou,Alain Origné,J. Parisot,A. Pavlov,D. Perret,Johan Pragt,P. Puget,P. Rabou,J. Ramos,J.M. Reess,Francois Rigal,S. Rochat,R. Roelfsema,G. Rousset,A. Roux,Michel Saisse,B. Salasnich,E. Santambrogio,S. Scuderi,Damien Segransan,A. Sevin,R. Siebenmorgen,Christian Soenke,E. Stadler,M. Suarez,Didier Tiphène,M. Turatto,S. Udry,F. Vakili,L.B.F.M. Waters,L. Weber,François Wildi,G. Zins,Alice Zurlo;13/11/2019;0.spi,0.phys;VLT,ASTRONOMY,ADAPTIVE OPTICS,ASTRONOMIE,SPECTROGRAPHE,POLARIMETRE,HIGH ANGULAR RESOLUTION,DETECTION PLANETE SATELLITE,VLT,OPTIQUE ADAPTATIVE;Astronomy and Astrophysics - A&A;EDP Sciences;631;;janv-36;;;;en;"Jean-Luc Beuzit, Arthur Vigan, David Mouillet, Kjetil Dohlen, Raffaele Gratton, et al.. SPHERE: the exoplanet imager for the Very Large Telescope. Astronomy and Astrophysics - A&A, EDP Sciences, 2019, 631 (155), pp.1-36. &#x27E8;10.1051/0004-6361/201935251&#x27E9;. &#x27E8;hal-02388928&#x27E9;"
hal-01069649;1;https://hal-onera.archives-ouvertes.fr/hal-01069649;COMM;10.1117/12.2052847;;Sphere extreme AO control scheme: final performance assessment and on sky validation of the first auto-tuned LQG based operational system (Orale);;C. Petit,J.F. Sauvage,T. Fusco,A. Sevin,M. Suarez,A. Costille,Arthur Vigan,C. Soenke,D. Perret,S. Rochat,A. Baruffolo,B. Salasnich,J.L. Beuzit,K. Dohlen,D. Mouillet,P. Puget,F. Wildi,M. Kasper,J.M. Conan,Caroline Kulcsár,Henri-François Raynaud;22/06/2014;0.phys,1.phys.phys,2.phys.phys.phys-optics;ADAPTIVE OPTICS,HIGH CONTRAST IMAGING,CONTROL;;;9148;;91480O;SPIE Astronomical Telescopes + Instrumentation, Adaptive Optics Systems IV;22/06/2014;ca;en;"C. Petit, J.F. Sauvage, T. Fusco, A. Sevin, M. Suarez, et al.. Sphere extreme AO control scheme: final performance assessment and on sky validation of the first auto-tuned LQG based operational system (Orale). SPIE Astronomical Telescopes + Instrumentation, Adaptive Optics Systems IV, Jun 2014, Montreal, Canada. pp.91480O, &#x27E8;10.1117/12.2052847&#x27E9;. &#x27E8;hal-01069649&#x27E9;"
